{
    "trees": [
        {
            "dbh": 0.254,
            "species": "ash tree",
            "x_pos": 34.876582363454354,
            "y_pos": -2.4230497292212494
        },
        {
            "dbh": 0.261,
            "species": "ash tree",
            "x_pos": 32.84031165265772,
            "y_pos": -7.620272499807222
        }
    ]
}
